{"learning_rate": 5.0502243953111195e-06, "max_seq_length": 160, "num_train_epochs": 1, "per_device_eval_batch_size": 6, "per_device_train_batch_size": 6}
{"eval_loss": 0.4534408244982834, "eval_acc": 0.8006042296072508, "eval_f1": 0.853658536585366, "eval_acc_and_f1": 0.8271313830963083, "epoch": 1.0}
{"learning_rate": 2.23707403632019e-05, "max_seq_length": 110, "num_train_epochs": 6, "per_device_eval_batch_size": 6, "per_device_train_batch_size": 10}
{"eval_loss": 1.4632394487659575, "eval_acc": 0.770392749244713, "eval_f1": 0.8262857142857143, "eval_acc_and_f1": 0.7983392317652136, "epoch": 6.0}
{"learning_rate": 8.949392953060024e-05, "max_seq_length": 150, "num_train_epochs": 4, "per_device_eval_batch_size": 4, "per_device_train_batch_size": 10}
{"eval_loss": 0.46109416747741466, "eval_acc": 0.790785498489426, "eval_f1": 0.8509951586874664, "eval_acc_and_f1": 0.8208903285884462, "epoch": 4.0}
{"learning_rate": 8.572621914972469e-05, "max_seq_length": 160, "num_train_epochs": 2, "per_device_eval_batch_size": 6, "per_device_train_batch_size": 4}
{"eval_loss": 0.63687840603056, "eval_acc": 0.6699395770392749, "eval_f1": 0.8023518769787427, "eval_acc_and_f1": 0.7361457270090088, "epoch": 2.0}
{"learning_rate": 8.281990725545484e-05, "max_seq_length": 170, "num_train_epochs": 5, "per_device_eval_batch_size": 10, "per_device_train_batch_size": 6}
{"eval_loss": 0.534494784093441, "eval_acc": 0.7658610271903323, "eval_f1": 0.833512352309345, "eval_acc_and_f1": 0.7996866897498387, "epoch": 5.0}
{"learning_rate": 4.4944152761009e-05, "max_seq_length": 210, "num_train_epochs": 3, "per_device_eval_batch_size": 6, "per_device_train_batch_size": 8}
{"eval_loss": 0.8148249569169891, "eval_acc": 0.7749244712990937, "eval_f1": 0.8281430219146483, "eval_acc_and_f1": 0.801533746606871, "epoch": 3.0}
{"learning_rate": 7.819390377370033e-06, "max_seq_length": 160, "num_train_epochs": 2, "per_device_eval_batch_size": 6, "per_device_train_batch_size": 6}
{"eval_loss": 0.5121728720236148, "eval_acc": 0.8021148036253777, "eval_f1": 0.8536312849162012, "eval_acc_and_f1": 0.8278730442707894, "epoch": 2.0}
{"learning_rate": 9.994874769443418e-05, "max_seq_length": 130, "num_train_epochs": 1, "per_device_eval_batch_size": 10, "per_device_train_batch_size": 8}
{"eval_loss": 0.5813922752115063, "eval_acc": 0.7348942598187311, "eval_f1": 0.8264953040039545, "eval_acc_and_f1": 0.7806947819113428, "epoch": 1.0}
{"learning_rate": 5.9742623354212456e-06, "max_seq_length": 140, "num_train_epochs": 1, "per_device_eval_batch_size": 4, "per_device_train_batch_size": 8}
{"eval_loss": 0.44603725045559267, "eval_acc": 0.802870090634441, "eval_f1": 0.8549193996664814, "eval_acc_and_f1": 0.8288947451504612, "epoch": 1.0}
{"learning_rate": 1.4693909940500829e-05, "max_seq_length": 240, "num_train_epochs": 2, "per_device_eval_batch_size": 8, "per_device_train_batch_size": 10}
{"eval_loss": 0.46839447696524933, "eval_acc": 0.7998489425981873, "eval_f1": 0.8510399100618324, "eval_acc_and_f1": 0.8254444263300098, "epoch": 2.0}
